{"cameraMode":{"drawMode":0,"name":"Shaded","section":"Shading Mode"},"sceneLighting":true,"audioPlay":false,"sceneViewState":{"showFog":true,"showMaterialUpdate":false,"showSkybox":true,"showFlares":true,"showImageEffects":true,"showParticleSystems":true},"in2DMode":false,"pivot":{"x":-5.371654510498047,"y":-5.346139907836914,"z":-64.57791900634766},"rotation":{"x":0.17141148447990418,"y":-0.556587278842926,"z":0.11863242089748383,"w":0.8042113184928894},"size":47.63432312011719,"orthographic":false}