{"cameraMode":{"drawMode":0,"name":"Shaded","section":"Shading Mode"},"sceneLighting":true,"audioPlay":false,"sceneViewState":{"showFog":true,"showMaterialUpdate":false,"showSkybox":true,"showFlares":true,"showImageEffects":true,"showParticleSystems":true},"in2DMode":false,"pivot":{"x":366.62420654296877,"y":17.046489715576173,"z":102.11985778808594},"rotation":{"x":-0.37094762921333315,"y":0.6001793742179871,"z":-0.3674035668373108,"w":-0.6059705018997192},"size":43.98218536376953,"orthographic":false}