{"cameraMode":{"drawMode":0,"name":"Shaded","section":"Shading Mode"},"sceneLighting":true,"audioPlay":false,"sceneViewState":{"m_AlwaysRefresh":false,"showFog":true,"showSkybox":true,"showFlares":true,"showImageEffects":true,"showParticleSystems":true,"showVisualEffectGraphs":true,"m_FxEnabled":true},"in2DMode":false,"pivot":{"x":41.346397399902347,"y":113.35962677001953,"z":96.12570190429688},"rotation":{"x":-0.07498683780431748,"y":-0.0815802589058876,"z":0.006161189638078213,"w":-0.9938386678695679},"size":189.02391052246095,"orthographic":false}